{"initial_reset_timestamp": 1503781511.8282168, "timestamps": [1503781524.422558, 1503781531.940687, 1503781532.4747865, 1503781532.9206648, 1503781533.392243, 1503781538.2661552, 1503781538.79814, 1503781539.2905884, 1503781546.8627498, 1503781547.4597538, 1503781552.3837981, 1503781552.8913455, 1503781553.3996303, 1503781553.8916392, 1503781554.373662, 1503781559.1867118, 1503781559.6989195, 1503781560.4701815, 1503781560.977165, 1503781561.5019045, 1503781566.356687, 1503781566.8607147, 1503781567.3722484, 1503781567.8219943, 1503781568.2774858, 1503781572.9156585, 1503781573.3831494, 1503781580.5222466, 1503781581.050354, 1503781581.5050762, 1503781586.2745774, 1503781586.7933474, 1503781587.2370424, 1503781587.6496732, 1503781588.1085017, 1503781592.9328623, 1503781593.3748162, 1503781593.82753, 1503781594.2967556, 1503781594.8039262, 1503781599.558932, 1503781600.0482183, 1503781600.481475, 1503781600.948122, 1503781601.3786957, 1503781606.454395, 1503781606.9836955, 1503781607.4885364, 1503781607.9700816, 1503781608.437377, 1503781612.9286106, 1503781613.402805, 1503781613.8884993, 1503781614.3756773, 1503781614.8390272, 1503781619.4768436, 1503781620.0224476, 1503781620.5217123, 1503781621.0114915, 1503781621.4868934, 1503781625.9971936, 1503781626.5114942, 1503781627.000354, 1503781627.4838765, 1503781635.2401607, 1503781640.6627607, 1503781641.1695867, 1503781641.6423593, 1503781642.110341, 1503781642.6259193, 1503781647.797481, 1503781648.2996142, 1503781648.7961068, 1503781649.3171751, 1503781649.811312, 1503781654.5827754, 1503781655.1348596, 1503781655.6064043, 1503781656.0884008, 1503781656.5426092, 1503781661.95815, 1503781662.5065565, 1503781663.0888507, 1503781663.61973, 1503781664.1392634, 1503781670.0978105, 1503781670.7087584, 1503781671.2213097, 1503781671.7488441, 1503781672.2157297, 1503781676.8595521, 1503781677.4261243, 1503781677.9529283, 1503781678.4209883, 1503781679.003414, 1503781684.8172655, 1503781685.3566449, 1503781685.886356, 1503781686.3857803, 1503781686.8844876, 1503781691.2893054, 1503781691.8406782, 1503781692.4191444, 1503781692.9826875, 1503781693.499905, 1503781698.806164, 1503781699.3473814, 1503781699.9042256, 1503781700.6771874, 1503781701.1687014, 1503781706.4456608, 1503781706.9172633, 1503781707.4100053, 1503781707.9138052, 1503781708.398901, 1503781713.3739924, 1503781713.9037554, 1503781714.4282386, 1503781714.949194, 1503781715.433994, 1503781720.4995613, 1503781721.0128357, 1503781721.5202262, 1503781722.008282, 1503781722.520656, 1503781735.1114423, 1503781735.6945841, 1503781736.1797113, 1503781736.6814508, 1503781737.1922565, 1503781742.255544, 1503781742.7802684, 1503781743.2683094, 1503781743.7643301, 1503781744.293441, 1503781749.5792005, 1503781750.0924702, 1503781750.4925013, 1503781751.0179536, 1503781751.5436606, 1503781756.4755955, 1503781757.0043728], "episode_lengths": [200, 200, 200, 200, 200, 200, 200, 200, 200, 200, 200, 200, 200, 200, 200, 200, 200, 200, 200, 200, 200, 200, 200, 200, 200, 200, 200, 200, 200, 200, 200, 200, 200, 200, 200, 200, 200, 200, 200, 200, 200, 200, 200, 200, 200, 200, 200, 200, 200, 200, 200, 200, 200, 200, 200, 200, 200, 200, 200, 200, 200, 200, 200, 200, 200, 200, 200, 200, 200, 200, 200, 200, 200, 200, 200, 200, 200, 200, 200, 200, 200, 200, 200, 200, 200, 200, 200, 200, 200, 200, 200, 200, 200, 200, 200, 200, 200, 200, 200, 200, 200, 200, 200, 200, 200, 200, 200, 200, 200, 200, 200, 200, 200, 200, 200, 200, 200, 200, 200, 200, 200, 200, 200, 200, 200, 200, 200, 200, 200, 200, 200, 200, 200, 200, 200, 200, 200, 200, 200, 200, 200, 200], "episode_rewards": [-1286.6722467939219, -1099.7648242639564, -1218.6364920899252, -1185.6022258580888, -1284.8199977181741, -1299.172049394452, -936.2776660007993, -1399.6560146361721, -894.4897237277344, -1331.2731570178928, -1087.1495955766386, -860.2547018326225, -1304.9426234990756, -963.1328771630394, -761.1680096700998, -986.7673172103878, -899.9809015685074, -861.7835531243386, -1571.6858023415487, -890.8133380636984, -887.9185555685602, -1708.6169547222787, -1715.3527199682956, -1614.6283466855157, -1040.2916067764168, -1445.699369755594, -1375.556425157935, -1079.5630106552392, -982.737192934045, -1520.7969731475223, -1444.0352125722713, -1370.4732279574305, -1034.1125748502072, -1102.8813440106753, -1342.3286251756401, -1288.7897053576162, -1476.8979332771285, -1021.9390557606378, -1017.5701161460025, -1063.9918396126793, -1283.7122012914444, -1536.8922085431573, -1035.8613876378167, -1050.3435982994388, -1044.3363907626479, -1285.0018610798425, -997.2681267060972, -1108.9171602682272, -770.6175609310061, -1062.8443220338845, -1285.1414344174157, -1176.87948955981, -1118.3896677209686, -1006.7853810311393, -1008.7077806801389, -1115.3908076560401, -1150.339860658635, -1062.029503922875, -1047.4612650572367, -1120.8940316406747, -1037.091106414123, -1159.7482994219201, -924.6756994268572, -1010.3433603705337, -993.875346069452, -993.5612687697924, -1042.9558387659001, -1108.358548729383, -1190.7006323224107, -1017.6112285008028, -974.2081662033179, -999.9385841179331, -1190.1456858135002, -956.8149104701524, -1052.100185229194, -1059.2527668511884, -1258.9818578924294, -1165.2565974029824, -1145.8627108097173, -1145.3258219899774, -1221.396266526004, -897.4997158997022, -1313.8296985477448, -1021.6359173214455, -989.1280569676478, -891.7930536459427, -1277.303947484517, -1154.5559746013203, -910.8192631224344, -1012.726192536557, -1044.3555144964312, -996.4372086163207, -989.4762341510441, -906.4662407325982, -1067.937290463246, -1273.5020017342697, -1158.8511587712233, -1171.728431527684, -1164.2751977656044, -1270.949639927905, -961.2101349429938, -1128.9210807160907, -1227.1211856447069, -1681.8384018169027, -1282.152988090862, -1066.040058096874, -969.4023180360582, -1126.6481624827354, -1032.1724625359038, -1302.8641581209095, -1158.2582347429943, -1140.1022992106466, -1132.809816615292, -1123.0173424627749, -1140.348174401584, -1222.4772100624173, -1237.1269525778832, -936.3315701176723, -1058.8488202111107, -1185.1237244785304, -1120.7249643044145, -1015.5813647731233, -920.0396151800318, -1181.6615699779165, -979.3532823146584, -974.4552486481285, -1049.6600560087888, -1050.649684117551, -1085.3930362297824, -1046.3765501630414, -952.5664306213425, -1121.443268961895, -925.6358275072469, -1015.7988882262746, -1181.5065817828258, -1303.0071732867134, -1128.544607086155, -1253.7448636971108, -1007.4051789230657, -1100.2203881542996, -1101.0998934881093, -1102.3449643693548], "episode_types": ["t", "t", "t", "t", "t", "t", "t", "t", "t", "t", "t", "t", "t", "t", "t", "t", "t", "t", "t", "t", "t", "t", "t", "t", "t", "t", "t", "t", "t", "t", "t", "t", "t", "t", "t", "t", "t", "t", "t", "t", "t", "t", "t", "t", "t", "t", "t", "t", "t", "t", "t", "t", "t", "t", "t", "t", "t", "t", "t", "t", "t", "t", "t", "t", "t", "t", "t", "t", "t", "t", "t", "t", "t", "t", "t", "t", "t", "t", "t", "t", "t", "t", "t", "t", "t", "t", "t", "t", "t", "t", "t", "t", "t", "t", "t", "t", "t", "t", "t", "t", "t", "t", "t", "t", "t", "t", "t", "t", "t", "t", "t", "t", "t", "t", "t", "t", "t", "t", "t", "t", "t", "t", "t", "t", "t", "t", "t", "t", "t", "t", "t", "t", "t", "t", "t", "t", "t", "t", "t", "t", "t", "t", "t"]}