{"initial_reset_timestamp": 1503783308.612626, "timestamps": [1503783310.9298887, 1503783312.6220486, 1503783312.79174, 1503783312.9016862, 1503783313.0094059, 1503783314.4134114, 1503783315.8962977, 1503783317.4445145], "episode_lengths": [200, 200, 200, 200, 200, 200, 200, 200], "episode_rewards": [-1356.6236666277482, -1630.4754703029187, -1524.8101814608422, -1389.4726935114195, -1471.9100956264683, -1530.6298988033225, -1617.0542886460578, -1531.72617406017], "episode_types": ["t", "t", "t", "t", "t", "t", "t", "t", "t"]}