{"initial_reset_timestamp": 1503780914.4438403, "timestamps": [1503780972.3816297, 1503781007.6207461, 1503781009.9329007, 1503781012.2397542, 1503781014.528348, 1503781037.9395883, 1503781040.1913466, 1503781042.4259875, 1503781077.7244878, 1503781079.8867993, 1503781104.1619906, 1503781106.3988144, 1503781108.7267678, 1503781110.962985, 1503781113.2861397, 1503781137.4983358, 1503781139.774461, 1503781142.023251, 1503781144.1410632, 1503781146.1720014, 1503781170.4187021, 1503781172.7402515, 1503781175.0011654, 1503781177.2453437, 1503781179.3157918, 1503781203.1653032, 1503781205.466036, 1503781240.4739368, 1503781242.7562695, 1503781245.0004606, 1503781268.3906927, 1503781270.6819053, 1503781272.7833724, 1503781274.8358095, 1503781276.8512683, 1503781296.0776525, 1503781298.296884, 1503781300.5826817, 1503781302.7655468, 1503781304.8943143, 1503781328.7129438, 1503781330.8670678, 1503781333.05064, 1503781335.0670495, 1503781337.302426, 1503781359.7654376, 1503781361.8848078, 1503781364.0818002, 1503781366.3433626, 1503781368.5037863, 1503781391.2622542, 1503781391.9022822, 1503781394.0939317, 1503781396.336841, 1503781398.5116782, 1503781421.4806495, 1503781423.6466393, 1503781425.8661203, 1503781427.5931063, 1503781429.631324], "episode_lengths": [999, 999, 999, 999, 999, 999, 999, 999, 999, 999, 999, 999, 999, 999, 999, 999, 999, 999, 999, 999, 999, 999, 999, 999, 909, 999, 999, 999, 999, 999, 999, 999, 999, 963, 999, 843, 999, 999, 999, 999, 999, 999, 999, 895, 999, 999, 999, 999, 999, 999, 999, 296, 999, 999, 999, 999, 999, 999, 790, 999], "episode_rewards": [-74.3540856416555, -86.65641944060657, -84.05982635304991, -82.95595487988894, -92.55323677632516, -99.76714844655412, -93.47442726319854, -92.8303158116299, -97.03240763177887, -99.27235374049664, -105.76218602057295, -95.30738954958038, -97.02377387976144, -96.38260215016528, -95.70493654732695, -99.28904532022291, -113.7330052043404, -119.2855379887946, -108.11134911301055, -119.9811716866851, -146.9051993641096, -158.97103594047928, -144.3094599169286, -165.1071675767228, -45.864114051563945, -162.11890090918112, -166.5045872416809, -172.62470763832198, -187.72043927969335, -178.02009943278932, -176.68440380694622, -187.9129742565411, -197.18448261241053, -90.54194255572648, -202.69584113630387, -55.86488874064143, -178.0963174455152, -205.4470563560376, -187.42787136509207, -195.61112994530473, -214.58462229325963, -226.92983556981596, -232.93850951378462, -100.42985136953433, -264.39637217462166, -224.44155522106786, -246.4431218450045, -227.58170178287926, -247.24819665866252, -218.9575895271983, -239.39594367550177, 31.043238235757798, -257.53006622561793, -249.64674297892594, -241.22213215262397, -276.37379867205084, -227.02790481211738, -245.91121275987481, -77.50714249293603, -243.5849369601937], "episode_types": ["t", "t", "t", "t", "t", "t", "t", "t", "t", "t", "t", "t", "t", "t", "t", "t", "t", "t", "t", "t", "t", "t", "t", "t", "t", "t", "t", "t", "t", "t", "t", "t", "t", "t", "t", "t", "t", "t", "t", "t", "t", "t", "t", "t", "t", "t", "t", "t", "t", "t", "t", "t", "t", "t", "t", "t", "t", "t", "t", "t", "t"]}